Ticker,Date,Daily_Low,Daily_Close,Prev_Week_Low
ADANIPOWER,2026-09-28,195.36,196.14,196.1
APOLLOHOSP,2026-09-28,8804.0,8860.0,8821.5
BHEL,2026-09-28,407.25,411.9,411.8
BRITANNIA,2026-09-28,4869.0,4915.0,4883.0
CHOLAFIN,2026-09-28,1620.4,1634.2,1629.9
COLPAL,2026-09-28,1826.8,1845.9,1835.4
GAIL,2026-09-28,171.0,172.45,171.35
GODREJCP,2026-09-28,859.5,868.0,864.2
INDUSINDBK,2026-09-28,889.4,909.7,906.9
INFY,2026-09-28,986.6,1003.2,991.6
KOTAKBANK,2026-09-28,395.75,401.55,399.3
MARUTI,2026-09-28,11944.0,12008.0,11975.0
PIDILITIND,2026-09-28,1486.8,1503.0,1495.7
SHREECEM,2026-09-28,22055.0,22170.0,22165.0
TATACOMM,2026-09-28,1637.0,1655.3,1650.1
ULTRACEMCO,2026-09-28,10978.0,11025.0,10983.0
